line1,line2,line3,key,fein,unitid,institutionname
Leonard Abess 20 00,X 0 0,Trustee,leonard,590624458,135726,University of Miami
Stuart A Miller 5 00,X 0 0,Trustee & Chair,stuart,590624458,135726,University of Miami
Wayne E Chaplin 2 00,X 0 0,Trustee,wayne,590624458,135726,University of Miami
William L Morrison 2 00,X 0 0,Trustee,william,590624458,135726,University of Miami
Aaron S Podhurst 5 00,X 0 0,Trustee,aaron,590624458,135726,University of Miami
Adrienne Arsht 1 00,X 0 0,Trustee,adrienne,590624458,135726,University of Miami
Albert Vara 0 00,X 0 0,Trustee,albert,590624458,135726,University of Miami
Alex E Rodriguez 1 00,X 0 0,Trustee,alex,590624458,135726,University of Miami
Alfred R Camner 4 00,X 0 0,Trustee,alfred,590624458,135726,University of Miami
Allan M Herbert 20 00,X 0 0,Trustee,allan,590624458,135726,University of Miami
Amy Halpern 0 00,X 0 0,Trustee,amy,590624458,135726,University of Miami
Arthur H Hertz 10 00,X 0 0,Trustee,arthur,590624458,135726,University of Miami
Arva Parks McCabe 5 00,X 0 0,Trustee,arva,590624458,135726,University of Miami
Barbara A Weintraub 5 00,X 0 0,Trustee,barbara,590624458,135726,University of Miami
Barbara Hecht Havenick 2 00,X 0 0,Trustee,barbara,590624458,135726,University of Miami
Bernard J KosarJr 1 00,X 0 0,Trustee,bernard,590624458,135726,University of Miami
Betty G Amos 3 00,X 0 0,Trustee,betty,590624458,135726,University of Miami
Brenda Yester 2 00,X 0 0,Trustee,brenda,590624458,135726,University of Miami
Carlos M de la Cruz Sr 4 00,X 0 0,Trustee,carlos,590624458,135726,University of Miami
Carlos M Gutierrez 2 00,X 0 0,Trustee,carlos,590624458,135726,University of Miami
Charles E Cobb 3 00,X 0 0,Trustee,charles,590624458,135726,University of Miami
Dany GarCIa — RienZI 1 00,X 0 0,Trustee,dany,590624458,135726,University of Miami
DaVId Kraslow 1 00,X 0 0,Trustee,david,590624458,135726,University of Miami
DaVId L Epstein 3 00,X 0 0,Trustee,david,590624458,135726,University of Miami
DaVId R Weaver 10 00,X 0 0,Trustee,david,590624458,135726,University of Miami
Doyle Beneby 0 00,X 0 0 0,Trustee,doyle,590624458,135726,University of Miami
E Roe Stamps 1V 2 00,X 0 0 0,Trustee,roe,590624458,135726,University of Miami
Edward A Dauer 40 00,"x 86,629 0 26,520",Trustee/ Faculty Member,edward,590624458,135726,University of Miami
Fred Berens 5 00,X 0 0 0,Trustee,fred,590624458,135726,University of Miami
G Ed Williamson 2 00,X 0 0 0,Trustee,ed,590624458,135726,University of Miami
George Feldenkreis 1 00,X 0 0 0,Trustee,george,590624458,135726,University of Miami
HT Smith Jr 5 00,X 0 0 0,Trustee,smith,590624458,135726,University of Miami
HIlarIe Bass 2 00,X 0 0 0,Trustee & Vice Chair,bass,590624458,135726,University of Miami
Jayne Sylvester Malfitano 5 00,X 0 0 0,Trustee,jayne,590624458,135726,University of Miami
Joaqum F Blaya 7 00,X 0 0 0,Trustee,blaya,590624458,135726,University of Miami
John E Calles 1 00,X 0 0 0,Trustee,john,590624458,135726,University of Miami
Jon Batchelor 2 00,X 0 0 0,Trustee,jon,590624458,135726,University of Miami
Jorge M Perez 2 00,X 0 0 0,Trustee,jorge,590624458,135726,University of Miami
Jose P Bared 4 00,X 0 0 0,Trustee,jose,590624458,135726,University of Miami
Joseph Echevarria 2 00,X 0 0 0,Trustee,joseph,590624458,135726,University of Miami
Judi Prokop Newman 1 00,X 0 0 0,Trustee,judi,590624458,135726,University of Miami
Laurie S Silvers 1 00,X 0 0 0,Trustee,laurie,590624458,135726,University of Miami
LOIs Pope 2 00,X 0 0 0,Trustee,lois,590624458,135726,University of Miami
M Anthony Burns 5 00,X 0 0 0,Trustee,anthony,590624458,135726,University of Miami
Marc Buoniconti 10 00,X 0 0 0,Trustee,marc,590624458,135726,University of Miami
Marilyn J Holifield 1 00,X 0 0 0,Trustee,marilyn,590624458,135726,University of Miami
Michael I Abrams 1 00,X 0 0 0,Trustee,michael,590624458,135726,University of Miami
Michael Piechowski 2 00,X 0 0 0,Trustee,michael,590624458,135726,University of Miami
Nicholas A Buoniconti 10 00,X 0 0 0,Trustee,nicholas,590624458,135726,University of Miami
Patricia W Toppel 2 00,X 0 0 0,Trustee,patricia,590624458,135726,University of Miami
Paul J DIMare 4 00,X 0 0 0,Trustee,paul,590624458,135726,University of Miami
Phillip Frost 0 00,X 0 0 0,Trustee,phillip,590624458,135726,University of Miami
Phillip T George 4 00,X 0 0 0,Trustee,phillip,590624458,135726,University of Miami
Richard D Fain 2 00,X 0 0 0,Trustee & Vice Chair,richard,590624458,135726,University of Miami
Robert A Mann 10 00,X 0 0 0,Trustee,robert,590624458,135726,University of Miami
Robert C Strauss 0 00,X 0 0 0,Trustee,robert,590624458,135726,University of Miami
Ronald G Stone 10 00,X 0 0 0,Trustee,ronald,590624458,135726,University of Miami
Rose Ellen Greene 0 00,X 0 0 0,Trustee,rose,590624458,135726,University of Miami
Stanley H Arkin 0 00,X 0 0 0,Trustee,stanley,590624458,135726,University of Miami
Steven Brodie 3 00,X 0 0 0,Trustee,steven,590624458,135726,University of Miami
Steven J Green 0 00,X 0 0 0,Trustee,steven,590624458,135726,University of Miami
Steven J Saiontz 2 00,X 0 0 0,Trustee,steven,590624458,135726,University of Miami
Steven Sonberg 5 00,X 0 0 0,Trustee,steven,590624458,135726,University of Miami
T Kendall Hunt 1 00,X 0 0 0,Trustee,kendall,590624458,135726,University of Miami
Thelma VA Gibson 2 00,X 0 0 0,Trustee,thelma,590624458,135726,University of Miami
Thomas D Wood 1 00,X 0 0 0,Trustee,thomas,590624458,135726,University of Miami
Tracey BerkOWItz 5 00,X 0 0 0,Trustee,tracey,590624458,135726,University of Miami
Donna E Shalala 80 00,"X X 994,430 0 342,948",PreSIdent,donna,590624458,135726,University of Miami
ThomasJ LeBlanc 50 00,"X 739,195 0 46,948",Executive VP & Provost,leblanc,590624458,135726,University of Miami
Joseph T Natoli 70 00,"X 895,628 0 44,645",Sr VP Busmess & Finance and CFO,joseph,590624458,135726,University of Miami
Sergio M Gonzalez 50 00,"X 604,745 0 57,443","Sr VP, Advancement & External Affairs",sergio,590624458,135726,University of Miami
John R Shipley 55 00,"X 399,480 0 42,465",VP & Treasurer,john,590624458,135726,University of Miami
Rodolfo Fernandez 55 00,"X 231,851 0 36,365",VP for Government Affairs,rodolfo,590624458,135726,University of Miami
Larry D Marbert 65 00,"X 374,693 0 34,675",VP for Real Estate & Facilities,larry,590624458,135726,University of Miami
VP for Real Estate & Facilities,Jacqueline R Menendez 60 00,"X 270,389 0 55,028",real,590624458,135726,University of Miami
Jacqueline R Menendez 60 00,"X 270,389 0 55,028",VP for UniverSIty Communications,jacqueline,590624458,135726,University of Miami
Aileen M Ugalde 60 00,"X 534,747 0 37,973","VP, General Counsel, UniverSIty Sec",aileen,590624458,135726,University of Miami
Patricia A Whiter 75 00,"X 365,130 0 54,178",VP for Student Affairs,patricia,590624458,135726,University of Miami
Nerissa Morris 65 00,"X 379,802 0 37,652",VP for Human Resources,nerissa,590624458,135726,University of Miami
Leslie Dellinger Aceituno 60 00,"X 110,023 0 24,150",As5Istant UniverSIty Secretary,leslie,590624458,135726,University of Miami
Jonathan Jack T Lord 55 00,"X 525,061 0 30,678",VP and Chief Operating Officer,jonathan,590624458,135726,University of Miami
Theresa L Ashman 60 00,"X 259,776 0 33,691",Associate VP & Controller,theresa,590624458,135726,University of Miami
Stephen Cawley 80 00,"X 416,483 0 39,576",VP for Information Technology,stephen,590624458,135726,University of Miami
Mark Diaz 70 00,"X 591,505 0 80,317",VP of Budget and Planning,mark,590624458,135726,University of Miami
Rudolph Rudy Green 50 00,"X 444,383 0 18,570",VP & Chief Compliance Officer,rudolph,590624458,135726,University of Miami
DaVId A Lubarsky 80 00,"x 1,256,060 0 48,246",Chief Med & System Integration Offcr,david,590624458,135726,University of Miami
Alan S LIVIngstone MD 90 00,"X 908,634 0 44,925","Chief Exec, UHealth Clinical (fmr)",alan,590624458,135726,University of Miami
Steven Falcone 70 00,"X 682,198 0 98,191","Chief Executive, UHealth Clinical",steven,590624458,135726,University of Miami
John Sory 62 00,"X 503,113 0 31,106","Chief Exec,UHealth Regional Alliance",john,590624458,135726,University of Miami
"Chief Exec,UHealth Regional Alliance",Daniel J Snyder 80 00,"X 416,348 0 46,056",alliance,590624458,135726,University of Miami
Daniel J Snyder 80 00,"X 416,348 0 46,056","CEO, Univ of Miami Hospital",daniel,590624458,135726,University of Miami
"CEO, Univ of Miami Hospital",Richard Ballard 48 00,"X 405,118 0 53,769",hospital,590624458,135726,University of Miami
Richard Ballard 48 00,"X 405,118 0 53,769","CEO, Univ of Miami Hosp & Clinics",richard,590624458,135726,University of Miami
Michael Gittelman 60 00,"X 427,107 0 47,399","CEO, Anne Bates Leach Eye Hospital",michael,590624458,135726,University of Miami
"CEO, Anne Bates Leach Eye Hospital",Alfred J Golden 84 00,"x 2,504,338 0 34,977",anne,590624458,135726,University of Miami
Alfred J Golden 84 00,"x 2,504,338 0 34,977","Head Coach, Football",alfred,590624458,135726,University of Miami
JamesJ Larranaga 80 00,"x 1,496,123 0 48,055","Head Coach, Basketball",larranaga,590624458,135726,University of Miami
Nestor de la Cruz—Munoz 60 00,"x 1,521,381 0 44,111",Associate Professor Dept of Surgery,nestor,590624458,135726,University of Miami
Dipen J Parekh 80 00,"x 1,265,198 0 44,234","Professor, Urology",parekh,590624458,135726,University of Miami
Lee D Kaplan 71 00,"x 1,130,035 0 43,875","Professor, Orthopaedics",lee,590624458,135726,University of Miami
